N;Pregunta;Opción A;Opción B;Opción C;Opción D;Respuesta Correcta
1;¿Cuál es la consecuencia directa de no poder respaldar una orientación de evaluación con evidencia física o digital?;Se otorga un plazo de gracia de 5 días para radicar el soporte en la oficina de la Aerocivil.;"Dará como resultado una calificación de ""No satisfactorio"" y generará una constatación negativa.";El inspector permitirá una validación verbal siempre que el Jefe de Pilotos firme como testigo.;"Se marcará como ""No aplicable"" para no afectar el flujo de la auditoría en campo.";Opción B
2;¿Qué documentos deben coincidir exactamente para validar que el UAS presente está autorizado en el proceso de IEB?;Las facturas de compra originales junto con los manuales de usuario del fabricante.;El formulario DIS, el borrador de las OpSpecs y el Manual de Operaciones (MO).;La bitácora personal del piloto junto con el registro de mantenimiento de la estación de tierra.;La póliza de responsabilidad civil y los contratos de trabajo de los técnicos de mantenimiento.;Opción B
3;Según el RAC 100, ¿cuál es el límite máximo de tiempo de servicio permitido para un piloto UAS en un periodo de 24 horas?;El piloto no debe exceder las diez horas continuas de servicio sumando todas las fases operativas.;No podrá exceder las ocho horas de vuelo efectivo independientemente de la gestión previa.;Se permite extender la jornada hasta las catorce horas si la misión es de carácter urgente.;Debe cumplir un máximo de doce horas de servicio con un descanso intermedio obligatorio.;Opción A
5;"¿Bajo qué circunstancia un inspector de la Aerocivil califica un ítem como ""No satisfactorio""?";Cuando el solicitante presenta la documentación en digital pero el inspector la requiere en físico.;Si el requisito se cumple solo de forma parcial o no se presenta evidencia de su cumplimiento.;Únicamente cuando el solicitante se niega a permitir el acceso a las instalaciones de bodega.;Si la norma de referencia citada en el formulario ha sido derogada hace menos de un mes.;Opción B
6;Para operaciones VLOS, ¿qué aspecto de mantenimiento preventivo debe demostrar el equipo de IEB en campo?;La capacidad de reparar circuitos integrados de la aeronave en condiciones de intemperie.;La calibración de sensores inerciales mediante software especializado de nivel ingeniería.;El seguimiento de un procedimiento de ajuste, limpieza y verificaciones con soporte de registro.;El reemplazo total de motores y ESC siguiendo las recomendaciones del fabricante del drone.;Opción C
7;¿Qué requisito es indispensable en el Certificado de Idoneidad para realizar misiones específicas?;Contar con una experiencia mínima de mil horas registradas en drones de la misma categoría.;Tener vigentes las adiciones técnicas específicas para el tipo de operación que se pretende realizar.;Haber aprobado el examen médico de aviación tripulada de clase 1 ante un centro certificado.;Poseer un título profesional en ingeniería aeronáutica o áreas de telecomunicaciones civiles.;Opción B
8;¿Qué debe registrarse obligatoriamente en el log de eventos para el análisis de seguridad en el SMS?;La identidad del fabricante del software y el número de serie de la antena de transmisión.;El registro de advertencias de geocercas, límites de altura y degradación del enlace C2.;El análisis detallado de los costos logísticos por cada hora de interrupción de la misión.;Una lista de todos los comandos de telemetría enviados por el piloto durante el despegue.;Opción B
9;En la gestión de baterías, ¿qué verificará el inspector de forma prioritaria durante la auditoría en campo?;Que las baterías tengan menos de veinte ciclos de carga para asegurar la máxima potencia.;Que el piloto cuente con un curso técnico de manipulación de materiales peligrosos (Hazmat).;El procedimiento de control, manejo, transporte y almacenamiento según el Manual de Operaciones.;La presencia de un sistema de enfriamiento criogénico dentro de las carcasas de transporte.;Opción C
10;"¿Cuál es el requisito reglamentario para el área designada como ""dronepuerto"" durante la operación?";Estar ubicado a menos de un kilómetro de una estación de bomberos aeronáuticos activa.;Que el color de la lona de aterrizaje coincida con el logo corporativo de la empresa IEB.;Estar debidamente delimitado, señalizado y descrito conforme al Manual de Operaciones.;Contar con un sistema de iluminación nocturna aunque la operación sea exclusivamente diurna.;Opción C
11;¿Qué se debe verificar sobre el suministro eléctrico de la estación de control en tierra (GCS)?;Que sea de marca internacional y cuente con garantía de por vida del distribuidor local.;Que el suministro de energía sea eficiente y óptimo para garantizar la operación segura.;Tener baterías de respaldo capaces de mantener el sistema encendido por doce horas seguidas.;Contar con una certificación RETIE vigente emitida por un perito eléctrico externo.;Opción B
12;¿Cuál es el propósito fundamental de la reunión de apertura (briefing) antes de iniciar el vuelo?;Establecer los honorarios del equipo y definir los tiempos de entrega de los productos finales.;Designar roles, responsabilidades, identificar peligros y repasar protocolos de emergencia.;Realizar una limpieza profunda de los lentes de la cámara y sensores de posicionamiento.;Validar que todos los participantes tengan sus carnés corporativos visibles al inspector.;Opción B
13;¿Qué documentos de la aeronave deben estar disponibles para revisión inmediata del inspector en sitio?;El certificado de importación legal y la factura de venta original con el sello de aduanas.;El libro de vuelo y el libro de mantenimiento de cada UA, debidamente actualizados.;Un contrato de arrendamiento del drone en caso de que este no sea propiedad de la empresa.;La lista completa de materiales químicos utilizados en la fabricación de las hélices.;Opción B
14;¿Qué acción debe ejecutar el piloto ante una alerta confirmada de pérdida del enlace C2?;Continuar la misión en modo automático esperando que la señal retorne de forma natural.;Ejecutar los procedimientos de recuperación y mitigación definidos en su Manual de Operaciones.;Apagar la estación de mando para forzar el protocolo de seguridad de la aeronave.;Solicitar una frecuencia de emergencia a la torre de control de aviación tripulada más cercana.;Opción B
15;¿Qué figura dentro de IEB debe tener la facultad legal para tomar decisiones sobre la operación?;El Jefe de Pilotos, siempre que tenga más de cinco años de experiencia en el sector UAS.;El Responsable de Calidad, quien supervisa la correcta aplicación de todos los manuales.;Un Directivo Responsable nombrado por la Gerencia con poder amplio de decisión operativa.;El piloto al mando, quien tiene la última palabra sobre el presupuesto de la misión.;Opción C
16;¿Cómo se documenta la entrevista del inspector al personal sobre el Plan de Emergencias?;El inspector grabará un video de la entrevista para subirlo a la plataforma Isolución.;El personal debe responder y el inspector hará un acta con la declaración textual de estos.;Se debe entregar un examen escrito previamente calificado por el Responsable de SMS.;Solo el representante legal puede responder preguntas sobre seguridad ante el inspector.;Opción B
17;¿Qué se requiere respecto a la identificación física del UAS durante la inspección en campo?;Que la aeronave esté pintada con colores de alta visibilidad que contrasten con el entorno.;Que el número de serie esté grabado en el chasis mediante tecnología de micropercusión.;Que el UAS cuente con la etiqueta de identificación requerida fijada de manera conforme.;Que el drone emita un destello de luz estroboscópica roja cada tres segundos exactos.;Opción C
18;¿Cuál es el criterio para el software de planificación de vuelo utilizado por IEB?;Que sea una plataforma con almacenamiento en servidores ubicados dentro de Colombia.;Que permita realizar la planificación conforme a lo establecido en el Manual de Operaciones.;Que haya sido auditado y aprobado por el fabricante del drone antes de la certificación.;Que bloquee automáticamente el despegue si detecta ráfagas de viento de más de 5 nudos.;Opción B
19;¿Qué relación existe entre la respuesta del explotador y la calificación final del inspector?;"La respuesta ""SÍ"" del explotador garantiza automáticamente la calificación satisfactoria.";"El inspector puede marcar ""SÍ"" en la respuesta pero calificar ""No satisfactorio"" sin pruebas.";"Si el explotador marca ""NO"", el inspector debe cancelar la auditoría de forma inmediata.";La calificación satisfactoria depende únicamente de la antigüedad de la empresa en el sector.;Opción B
20;"¿Cuál es la consecuencia de recibir una calificación ""No satisfactorio"" en un ítem de idoneidad?";Se otorga un plazo de un mes para que el piloto realice un nuevo curso de capacitación.;La falla se registra como una constatación que debe ser comunicada formalmente al solicitante.;El inspector asume el mando de la operación para demostrar cómo se debe realizar el proceso.;Se permite que un observador UAS realice la función del piloto durante el resto de la auditoría.;Opción B
21;¿Qué maniobra específica debe realizarse a la máxima distancia para verificar la estabilidad del enlace C2?;Un ascenso vertical rápido hasta los 500 pies AGL seguido de un descenso en espiral controlado.;Rotaciones YAW de 360° hacia ambos lados con ángulos de balanceo iguales o mayores a 10°.;Un vuelo en línea recta de ida y vuelta manteniendo una velocidad constante de 15 nudos.;Maniobras de ochos perezosos a baja altura para verificar la ganancia de las antenas laterales.;Opción B
22;¿Cuál es el límite de altura permitido durante todas las fases de la prueba de distancia del enlace C2?;No debe superar los 400 pies AGL para garantizar la seguridad y visibilidad del equipo.;Se permite alcanzar los 500 pies AGL siempre que se cuente con un observador de flanco.;El límite está definido exclusivamente por la potencia de transmisión de la banda VHF utilizada.;No existe un límite fijo mientras la telemetría indique una intensidad de señal superior al 80%.;Opción A
23;¿Qué requisito debe cumplir el cambio entre estaciones de control (GCS) durante una operación UA?;Debe realizarse previa notificación radial a la torre de control de la jurisdicción aérea.;Se requiere el aterrizaje total de la aeronave para reconfigurar el cifrado de los datos.;Debe ejecutarse sin oscilaciones o perturbaciones que afecten el vuelo seguro de la UA.;El sistema debe entrar en modo de vuelo estacionario por un periodo mínimo de dos minutos.;Opción C
24;¿Qué información es obligatoria en la GCS para el monitoreo de la calidad del mando y control?;El número de satélites conectados y la temperatura ambiente en el punto de despegue.;La marca del procesador de la estación de tierra y la versión del firmware del control.;Intensidad de la señal, tasa de errores de bits (BER), degradación y tiempo de retardo.;Únicamente la distancia horizontal y el tiempo restante de grabación en la tarjeta SD.;Opción C
25;¿Bajo qué condiciones se debe demostrar la validez del Enlace C2 según la directiva vinculante?;Solo para vuelos BVLOS, ya que en VLOS el contacto visual directo sustituye la telemetría.;Para todas las modalidades de vuelo, incluyendo operaciones VLOS, BVLOS y EVLOS.;Exclusivamente cuando se utilizan bandas de frecuencia licenciadas otorgadas por la ANE.;Únicamente si la aeronave tiene un peso máximo de despegue superior a los 25 kilogramos.;Opción B
26;¿Qué debe ocurrir si se utiliza una banda de frecuencia con licencia para el enlace C2?;El operador debe contar con la aprobación de la Agencia Nacional del Espectro (ANE).;Se debe limitar la potencia de transmisión a 100 mW para evitar interferencias civiles.;El sistema debe realizar saltos de frecuencia automáticos cada sesenta segundos de vuelo.;La operación debe ser supervisada físicamente por un técnico en telecomunicaciones.;Opción A
27;¿Qué aspecto técnico define la estabilidad de la transmisión como fuente primaria de validación?;La capacidad de enviar mensajes de texto entre la estación de control y el piloto al mando.;La transmisión de imagen de video (FPV) o de cualquier cámara instalada en la UA.;El registro de los comandos enviados por el piloto en un archivo de texto plano descargable.;La velocidad de procesamiento del procesador inercial central de la aeronave no tripulada.;Opción B
28;¿Qué alerta debe recibir obligatoriamente el piloto UAS ante la pérdida del enlace C2?;Una notificación push en su dispositivo móvil personal vinculado a la red del explotador.;Una alerta auditiva y/o visual inmediata para iniciar los protocolos de recuperación.;Un mensaje de voz pregrabado emitido por los altavoces de la aeronave en pleno vuelo.;La desactivación automática de la cámara para priorizar el ancho de banda del control.;Opción B
29;"¿Cuál es la función del sistema de almacenamiento de reserva ""backup"" en el enlace C2?";Almacenar copias de seguridad de las fotos y videos capturados durante la misión comercial.;Guardar todos los datos transmitidos por el enlace C2 para auditoría y análisis posterior.;Permitir el reinicio del sistema operativo de la GCS en caso de un fallo crítico de energía.;Registrar los datos personales de los observadores UAS que participan en la operación.;Opción B
30;¿Qué factor puede provocar variaciones en el nivel de la señal de RF recibida a lo largo del tiempo?;El cambio de piloto al mando durante la operación si no se utiliza el mismo modelo de control.;Reflexión de señales por la superficie, edificios y la propia estructura de la aeronave.;La altitud de presión del aeropuerto de salida si esta supera los 5.000 pies sobre el nivel del mar.;El uso de baterías con un nivel de carga inferior al 50% en la estación de control en tierra.;Opción B
31;¿Qué debe demostrar el MO respecto a las limitaciones del enlace C2 para vuelos BVLOS?;El costo por megabyte de datos transmitidos a través de proveedores de servicios satelitales.;Factores como bloqueo de antena, límite de alcance, potencia y patrones de radiación.;La lista de aplicaciones móviles compatibles con el sistema de transmisión de video.;El tiempo promedio de vida útil de los conectores de las antenas omnidireccionales.;Opción B
32;¿Qué documento es necesario si se utiliza un proveedor de servicios de telecomunicaciones externo?;Un certificado de idoneidad técnica del personal que realizó la instalación de las antenas.;Un mapa que muestre la cobertura del servicio en el área y tiempo de la operación planeada.;Una póliza de seguros contra ciberataques e interceptación ilícita de datos de telemetría.;El manual de usuario del enrutador utilizado para la conexión a la red de internet pública.;Opción B
33;¿Qué criterio de prioridad debe seguir la secuenciación de mensajes en el sistema C2?;Los datos de video de alta definición deben tener prioridad sobre la telemetría básica.;La detección y evitación (DAA) debe ser prioritaria en la transmisión de información.;Los mensajes de estado de batería deben enviarse únicamente cada cinco minutos de vuelo.;El orden se basa exclusivamente en la antigüedad del piloto que está operando el sistema.;Opción B
34;¿Qué debe verificarse respecto a la estación de control en tierra en términos de energía?;Que cuente con un sistema de refrigeración líquida para evitar el sobrecalentamiento.;Que el suministro de energía sea eficiente y óptimo para las operaciones a realizar.;Que el cable de alimentación tenga una longitud mínima de diez metros para movilidad.;La presencia de un regulador de voltaje de marca certificada por el fabricante del drone.;Opción B
35;¿Cuál es la exigencia sobre el personal encargado del mantenimiento del enlace C2?;Debe ser el mismo piloto que realiza la operación de campo para garantizar conocimiento.;Debe estar asignado y ser responsable de los sistemas, elementos y equipos del enlace.;Se requiere que tenga una licencia de ingeniería electrónica con especialización en RF.;Basta con que el personal administrativo verifique visualmente el estado de los cables.;Opción B
36;¿Cómo deben tratarse los equipos tecnológicos complementarios para ampliar el alcance C2?;Como accesorios opcionales que no requieren estar documentados en el manual de control.;De forma similar a la UA, describiendo sus condiciones de mantenimiento y funcionalidad.;Como equipos de emergencia que solo se activan cuando la señal principal cae al 10%.;Deben ser reemplazados cada seis meses independientemente de su estado de funcionamiento.;Opción B
37;¿Qué debe incluir el plan de vuelo respecto a las frecuencias de operación?;El historial de interferencias detectadas en la zona de vuelo durante los últimos dos años.;La especificación de la banda de frecuencia y el soporte de contrato o libertad de uso.;Un diagrama detallado de los circuitos internos de la antena transmisora de la aeronave.;La lista de canales de radiofrecuencia prohibidos por la Fuerza Aérea Colombiana.;Opción B
38;¿Qué información geográfica debe mostrarse superpuesta en el GIS de la GCS?;Los nombres de los propietarios de los predios sobre los cuales está volando la UA.;La ubicación de las estaciones de policía y centros de salud más cercanos al dronepuerto.;La posición actual de la UA y la zona donde se autorizó el vuelo específicamente.;El relieve topográfico con una precisión mínima de un metro para evitar colisiones.;Opción C
39;¿Qué acción de la UA debe estar configurada ante la pérdida del enlace C2?;El apagado inmediato de los motores para evitar que la aeronave se aleje del sitio.;Respuestas programadas como retornar a casa, aterrizaje de emergencia o vuelo estacionario.;La activación de un paracaídas de emergencia independientemente de la altura de vuelo.;El cambio automático a una frecuencia de radio comercial para emitir una señal de auxilio.;Opción B
40;¿Qué debe validar el inspector sobre los equipamientos de transmisión C2 en campo?;Que los cables sean de color naranja para ser identificados fácilmente en el terreno.;Que estén dispuestos adecuadamente para evitar riesgos por caída o conexiones débiles.;Que todos los equipos tengan menos de un año de fabricación según su placa serial.;La presencia de protectores contra rayos solares en todas las antenas unidireccionales.;Opción B
41;¿Qué fenómeno físico puede causar desvanecimiento del enlace C2 por la reflexión de señales en edificios?;La ionización de la atmósfera superior durante las horas de máxima radiación solar térmica.;El efecto Doppler causado por la velocidad de crucero de la UA en trayectorias de descenso.;Variaciones en el nivel de la señal de RF recibida causadas por superficies y la estructura de la UA.;La saturación de los canales de telemetría debido al uso excesivo de metadatos en el video.;Opción C
42;¿Cuál es la obligación del operador si decide utilizar una banda de frecuencia de uso libre?;Solicitar un permiso temporal de emisión a la Agencia Nacional del Espectro (ANE) cada seis meses.;Realizar la operación de estricta conformidad con la normativa técnica nacional aplicable.;Pagar una tasa de uso de espectro proporcional al peso máximo de despegue de la aeronave.;Instalar un filtro de banda ancha certificado por la UIT en el transmisor de la estación terrestre.;Opción B
43;¿Qué característica debe tener el sistema de antenas para mitigar riesgos en vuelos BVLOS o EVLOS?;Contar con redundancias de transmisión y documentar los lóbulos de cobertura y ganancia de cada antena.;Utilizar exclusivamente antenas de polarización circular para evitar el efecto de zona muerta.;Tener una potencia de emisión mínima de 5 vatios para superar cualquier obstáculo físico natural.;Estar fabricadas con materiales compuestos que reduzcan la resistencia al viento en el dronepuerto.;Opción A
44;¿Qué criterio técnico se utiliza para evaluar la calidad de un enlace que utiliza tecnología satelital?;La velocidad de descarga de datos medida en megabits por segundo durante la fase de ascenso.;La temperatura de ruido equivalente del enlace para asegurar que la señal es útil y clara.;El número de satélites visibles en el horizonte con una elevación superior a los 45 grados.;La latitud y longitud exacta de la estación terrestre de enlace (hub) del proveedor de servicios.;Opción B
45;¿Qué herramientas debe tener el enlace C2 para minimizar riesgos de interferencia o pérdida de datos?;Sistemas de enfriamiento por nitrógeno y cables blindados con doble recubrimiento de oro.;Cifrado de datos, salto de frecuencia (FHSS) o cambio entre operadores de servicios de internet.;Un sistema de paracaídas que se active automáticamente si la intensidad de la señal baja del 5%.;Cámaras térmicas que detecten fuentes de calor que puedan generar ruido electromagnético.;Opción B
46;¿Qué debe ocurrir si el Manual de Operaciones (MO) de IEB estipula el uso de observadores UAS?;Su presencia es opcional si el piloto demuestra contacto visual total con la aeronave.;Basta con que el Jefe de Pilotos certifique su capacitación previa mediante un acta.;Deben estar presentes y conocer tanto el contexto operativo como los procedimientos.;Pueden realizar su labor de forma remota mediante una plataforma de video en tiempo real.;Opción C
47;¿Cuál es el límite de autonomía de energía permitido para finalizar una misión en campo?;El tiempo de vuelo no debe exceder el 95% de la capacidad reportada por el fabricante.;No existe un límite porcentual mientras el piloto declare que se siente seguro de operar.;Se permite volar hasta que el sistema active automáticamente el aterrizaje de emergencia.;El tiempo de vuelo no debe exceder el 80% de la autonomía total establecida.;Opción D
48;¿Qué identificación física es obligatoria para el UAS de IEB durante la inspección en campo?;Una placa metálica con el NIT de la empresa fijada en el compartimento de la batería.;La etiqueta de identificación requerida según el Capítulo B de la norma RAC 100.;Un código QR que enlace directamente a la póliza de responsabilidad civil de la empresa.;El logo de IEB en material reflectivo ocupando el 20% de la superficie de la aeronave.;Opción B
49;¿Qué verifica el inspector sobre el personal operativo que desarrolla la misión en vivo?;Que todos tengan un curso de primeros auxilios vigente emitido por una entidad de salud.;Que el personal presente sea el mismo que fue validado en la inspección de sede.;Que los pilotos vistan el uniforme de gala institucional para proyectar profesionalismo.;Que al menos un integrante hable inglés para comunicaciones en espacio aéreo controlado.;Opción B
50;"¿Cuál es el requisito reglamentario para el área designada como ""dronepuerto"" por IEB?";Estar ubicado a una distancia no mayor a 500 metros de un hidrante o fuente de agua.;Contar con una superficie de concreto para evitar la generación de polvo en el despegue.;Estar señalizado y delimitado conforme a la Directiva de condiciones técnicas de la Aerocivil.;Tener una carpa de protección climática con capacidad para todo el equipo de apoyo.;Opción C
51;"¿Qué información debe contener obligatoriamente el ""briefing"" inicial liderado por IEB?";Designación de roles, parámetros de operación, identificación de peligros y plan de emergencia.;El presupuesto detallado de la misión y el cronograma de entrega de los datos finales.;Una charla técnica sobre la evolución de la tecnología de drones en el territorio nacional.;La lista de redes sociales donde se publicará el material capturado durante el vuelo.;Opción A
52;¿Qué debe demostrar el equipo de operación respecto al mantenimiento preventivo en sitio?;La capacidad de realizar soldaduras en circuitos integrados dañados bajo condiciones de lluvia.;Que cuentan con un stock de al menos tres motores de repuesto por cada aeronave operada.;La calibración de la brújula interna mediante aplicaciones móviles no oficiales de terceros.;El uso de un procedimiento definido para ajustes, limpieza y verificaciones con soporte.;Opción D
53;¿Qué sucede si un piloto de IEB excede las 10 horas de servicio continuo en la inspección?;Se le permite continuar si el Jefe de Pilotos certifica que el personal se encuentra lúcido.;"El inspector calificará el ítem como ""No satisfactorio"" por incumplimiento del RAC 100.";Se debe solicitar una extensión de jornada vía correo electrónico a la oficina de la DONA.;El piloto puede ser reemplazado por un observador para completar las horas restantes.;Opción B
54;¿Qué documentos de idoneidad deben presentar los pilotos de IEB durante la auditoría?;El diploma de bachiller y el certificado de antecedentes emitido por la Policía Nacional.;La licencia de conducción de vehículos terrestres y el carné de la seguridad social (EPS).;El Certificado de Idoneidad con las adiciones necesarias para la operación específica.;Una carta de recomendación de un explotador UAS que ya posea certificación vigente.;Opción C
55;¿Cuál es la obligación de IEB respecto a la gestión de riesgos en la zona de operación?;Demostrar la identificación de peligros y la gestión de riesgos específicos para ese ConOps.;Contar con una ambulancia de nivel 3 parqueada permanentemente en el sitio de despegue.;Tener un seguro de vida individual para cada uno de los espectadores de la operación.;Publicar un aviso en prensa nacional informando sobre los riesgos de la misión aérea.;Opción A
56;¿Qué verificación técnica se realiza sobre el enlace C2 durante la ejecución del vuelo?;Que la señal de radio sea capaz de interferir con las comunicaciones de las autoridades.;Que el sistema cambie a una red Wi-Fi pública si se detecta una caída de la señal principal.;Que el enlace y la comunicación funcionen de forma apropiada y constante en todo momento.;Que la antena de la estación de tierra esté situada a una altura mínima de quince metros.;Opción C
57;¿Qué requisito debe cumplir el software de planificación utilizado por el equipo de IEB?;Ser de código abierto para que el auditor pueda revisar manualmente el algoritmo de vuelo.;Bloquear el despegue si detecta que el piloto no ha iniciado sesión con cuenta corporativa.;Que permita realizar la planificación conforme a lo descrito en el Manual de Operaciones.;Tener una interfaz gráfica 3D con mapas satelitales actualizados en tiempo real.;Opción C
58;¿Qué debe demostrar el equipo de operación respecto a incidentes y accidentes en campo?;Tener un contrato con empresas de limpieza de materiales peligrosos en caso de impacto.;La capacidad de borrar los registros de vuelo (logs) para proteger datos sensibles de IEB.;Que el Jefe de Pilotos tiene el contacto directo del Director General de la Aerocivil.;Que cuentan con formatos y procedimientos definidos en el MO para reportar sucesos.;Opción D
59;¿Cuál es el criterio para el uso de Elementos de Protección Personal (EPP) en IEB?;Su uso debe ser conforme a lo descrito en el Manual de Operaciones para todo el personal.;Son utilizados únicamente por el piloto al mando durante el despegue y el aterrizaje.;Los EPP son opcionales si la temperatura en el sitio de operación supera los 30 grados.;Basta con tener los elementos en el vehículo de transporte aunque no se usen en el vuelo.;Opción A
60;¿Qué aspecto de la telemetría es crítico monitorear durante la ejecución de la misión?;Que la velocidad de fotogramas del video sea siempre superior a 60 cuadros por segundo.;Que los parámetros se mantengan dentro de los rangos definidos para la misión pretendida.;El historial de todas las redes inalámbricas detectadas por la aeronave en su trayecto.;Que el nombre del piloto aparezca correctamente en la esquina superior de la GCS.;Opción B
61;¿Qué se verifica sobre el sistema de energía (combustible) durante la auditoría?;Que las baterías tengan carcasas rojas para indicar que son materiales de alta peligrosidad.;Que el drone pueda realizar maniobras acrobáticas con una sola hélice en caso de falla.;La marca y el país de origen de las celdas de litio utilizadas en el pack de potencia.;El procedimiento de control, manejo y transporte de baterías conforme al Manual (MO).;Opción D
62;¿Cómo valida el inspector que el personal de IEB no ha consumido sustancias prohibidas?;Mediante una entrevista psicológica de dos horas realizada individualmente en el sitio.;Verificando la implementación del plan de control para detección de alcohol o sustancias.;Solicitando al piloto que realice pruebas de equilibrio físico ante el equipo auditor.;Revisando el historial de visitas al médico general de los últimos cinco años del piloto.;Opción B
63;¿Qué documentos de la aeronave deben estar disponibles para revisión inmediata en sitio?;El certificado de tradición y libertad del terreno donde se sitúa el dronepuerto.;La factura de venta original del drone y el manual de usuario traducido al español.;Constancia de registro, copia de póliza RCE, libro de vuelo y libro de mantenimiento.;Un plano detallado de la arquitectura electrónica del sistema de control de vuelo.;Opción C
64;¿Qué debe incluir el Plan de Emergencias socializado por IEB durante el briefing?;Descripción del protocolo de actuación y contacto con dependencias pertinentes.;Un listado de los precios de reposición de cada componente del drone ante pérdida total.;La dirección de la oficina principal de IEB y el nombre del analista de recursos humanos.;Un tutorial grabado de cómo apagar incendios químicos usando arena del sector de vuelo.;Opción A
65;¿Cuál es la función del acta realizada durante la entrevista del Plan de Emergencias?;Registrar el listado de asistencia para el cobro de viáticos de los inspectores de turno.;Describir textualmente la declaración del personal sobre su conocimiento del plan.;Servir como comprobante de que el piloto tiene excelente dicción y tono de voz claro.;Anotar sugerencias de los observadores para modificar el Manual de Operaciones de IEB.;Opción B
66;¿Qué debe demostrar el equipo de IEB respecto a la zona de operaciones y las limitaciones del UAS?;Que la zona cuenta con permisos de los propietarios de todos los predios en un radio de 5 km.;Que las condiciones de la misión no exceden las limitaciones del UAS autorizadas por la DONA.;Que el drone tiene capacidad de volar bajo lluvia intensa independientemente de su manual.;Que se ha notificado a la junta de acción comunal local sobre el ruido de los motores.;Opción B
67;¿Cuál es el requisito para los equipos tecnológicos adicionales (ETA) en la inspección de campo?;Deben ser equipos nuevos comprados en el último semestre fiscal con factura de venta.;Cualquier equipo adicional puede usarse siempre que el piloto sepa configurarlo en sitio.;Debieron estar en la inspección de sede y contar con el respectivo registro ante Aerocivil.;Deben tener una certificación de la Agencia Nacional del Espectro (ANE) pegada físicamente.;Opción C
68;¿Qué aspecto de la comunicación interna es evaluado críticamente durante la ejecución del vuelo?;Que el piloto use un lenguaje técnico aeronáutico en inglés durante toda la misión.;La correcta comunicación entre todo el personal operativo (piloto, observadores y apoyo).;Que todos los miembros del equipo tengan radios de banda aeronáutica de alta potencia.;El uso de señales de mano estandarizadas para evitar el ruido de las comunicaciones radiales.;Opción B
69;¿Qué debe verificar el inspector sobre la carga de pago (cámara/sensores) durante la operación?;Que la cámara tenga una resolución mínima de 20 megapíxeles para fines de fotogrametría.;Que la transmisión de video (FPV) funcione como fuente de validación de estabilidad del enlace.;Que el sensor cuente con un certificado de calibración emitido por el fabricante en el país.;La capacidad de transmitir las imágenes a una central de monitoreo mediante una red 5G.;Opción B
70;¿Cuál es la función del acta que realiza el inspector durante la charla previa (briefing)?;Registrar los datos de contacto de los clientes de IEB para verificar la veracidad del contrato.;Describir textualmente la declaración del personal sobre el Plan de Emergencias y actuación.;Anotar el número de serie de cada una de las hélices utilizadas durante la demostración.;Validar que el piloto tiene una licencia de conducción vigente para el transporte del equipo.;Opción B
71;¿Qué criterio se aplica al uso de Elementos de Protección Personal (EPP) según el MO?;Los EPP son obligatorios únicamente para el personal técnico que manipula las baterías.;Deben ser usados de conformidad con lo descrito en el Manual de Operaciones de IEB.;El uso de EPP es una recomendación opcional dependiendo del clima de la zona de operación.;Basta con usar chalecos reflectivos para que el inspector identifique al personal de IEB.;Opción B
72;¿Qué sucede si el tiempo de vuelo excede el 80% de la autonomía total establecida?;El inspector calificará la ejecución de la operación como no conforme o no satisfactoria.;Se permite continuar el vuelo si el sistema de telemetría indica que aún queda un 10% de carga.;El piloto debe solicitar una autorización verbal al inspector para extender la misión 5 minutos.;Se debe activar el modo de ahorro de energía y aterrizar en un punto diferente al dronepuerto.;Opción A
73;¿Qué debe verificar el inspector sobre las listas de chequeo (checklists) en campo?;Que estén impresas en papel de seguridad con el logo de la Aerocivil en la parte superior.;El uso completo y conforme de todas las listas de chequeo definidas en el Manual (MO).;Que el piloto haya memorizado las listas para no tener que consultarlas durante el vuelo.;Que las listas incluyan una sección de firmas para cada uno de los observadores UAS.;Opción B
74;¿Cuál es la obligación respecto al Plan de Respuesta a Emergencias en el sitio de vuelo?;Tener un médico brigadista presente durante todas las fases de despegue y aterrizaje.;Verificar que el Plan de Emergencias haya sido socializado durante la charla previa (briefing).;Contar con un sistema de paracaídas instalado en la aeronave para evitar daños en tierra.;Tener una ruta de escape marcada con conos reflectivos desde el dronepuerto al vehículo.;Opción B
75;¿Qué se debe demostrar sobre la gestión del sistema de combustible (energía) en la UA?;El procedimiento de control, manejo y transporte de baterías conforme al Manual (MO).;Que las baterías son cargadas exclusivamente con paneles solares para reducir la huella.;La capacidad de cambiar la batería en menos de treinta segundos para misiones continuas.;Que el sistema de propulsión cuenta con una redundancia de al menos dos motores extra.;Opción A
76;¿Bajo qué modalidad de vuelo es obligatoria la presencia de un observador en IEB?;Únicamente en operaciones VLOS que superen los 500 metros de distancia horizontal.;En todas las operaciones independientemente de la distancia o contacto visual.;En operaciones bajo la modalidad EVLOS (Visibilidad en línea de vista extendida).;Solo cuando el Jefe de Pilotos no se encuentre presente físicamente en el sitio.;Opción C
77;¿Cuál es la distancia horizontal máxima para una operación EVLOS según el manual de IEB?;750 metros medidos desde el punto de despegue y aterrizaje de la aeronave.;Hasta 3,000 metros medidos horizontalmente desde el mando y control.;5,000 metros siempre que se utilicen prismáticos o binoculares de alta potencia.;La distancia mínima necesaria para que el enlace C2 mantenga el 100% de la señal.;Opción B
78;¿Qué debe ocurrir si se pierde la línea de vista entre el piloto y el observador en IEB?;El observador debe correr hacia una posición elevada para recuperar el contacto.;El piloto debe activar el modo automático y esperar a que la señal se estabilice.;La operación debe suspenderse inmediatamente por motivos de seguridad operacional.;Se debe continuar la misión utilizando únicamente los sensores FPV de la aeronave.;Opción C
79;¿Cuál es el criterio para el uso de observadores en operaciones VLOS dentro de IEB?;Es obligatorio para todas las misiones que duren más de veinte minutos de vuelo.;Es opcional y queda sujeto a la autorización previa del Jefe de Pilotos.;Está prohibido el uso de observadores para no distraer al piloto durante el vuelo.;Depende exclusivamente de si el piloto tiene visión 20/20 certificada por un médico.;Opción B
80;¿Qué certificación debe portar obligatoriamente el observador UAS de IEB en campo?;Un certificado de curso de alturas nivel avanzado emitido por el SENA o similar.;Certificado de Idoneidad vigente de la Aerocivil y examen médico ocupacional.;Licencia de radioaficionado vigente emitida por el Ministerio de las TIC.;Certificado de curso de manejo de sustancias peligrosas para el transporte de baterías.;Opción B
81;¿Cuál es la distancia máxima permitida para una operación VLOS en Ingeniería Especializada?;No debe superar los 3,000 metros bajo ninguna condición meteorológica.;Un radio de 1,500 metros siempre que el drone tenga luces estroboscópicas.;La distancia máxima permitida en estas operaciones es de 750 metros.;El límite de alcance que proporcione el fabricante en el manual del equipo.;Opción C
82;¿Cuál es la política de IEB respecto al uso de corrección visual para observadores?;Está prohibido el uso de gafas de sol ya que oscurecen la línea de vista del drone.;El uso de lentes es opcional si el observador declara sentirse cómodo sin ellos.;Si el observador requiere gafas o lentes, debe portarlos obligatoriamente.;Se prefiere personal que no requiera corrección visual para misiones críticas.;Opción C
83;¿Qué perfil de experiencia prefiere la empresa IEB para sus observadores UAS?;Personal administrativo con conocimientos básicos en gestión de riesgos y seguros.;Expertos en telecomunicaciones con experiencia en antenas de radiofrecuencia.;Que cuente con experiencia previa como Piloto UAS para apoyar la seguridad.;Estudiantes de ingeniería que requieran realizar sus prácticas profesionales.;Opción C
84;¿Cuál es la condición crítica de comunicación para las operaciones EVLOS de IEB?;Se debe mantener comunicación vía telefónica con la oficina principal de IEB.;Debe existir comunicación continua entre el Piloto UAS y el observador.;El uso de señales de humo o banderas en caso de que fallen los radios portátiles.;Basta con una señal visual de pulgar arriba al inicio y al final de la misión.;Opción B
85;¿Qué sucede si el observador no presenta su examen médico ocupacional al inspector?;El inspector puede permitir el vuelo si el observador firma una carta de compromiso.;Se asigna la tarea de observación al personal de apoyo que tenga mejor visión.;El ítem se calificará como No satisfactorio y generará una constatación negativa.;IEB puede presentar una foto del documento enviada por WhatsApp al auditor.;Opción C
86;¿Qué debe contener el acta textual que realiza el inspector durante la entrevista de emergencia?;El listado de todos los equipos electrónicos y sus números de serie de fábrica.;La declaración del personal sobre el conocimiento y actuación ante el Plan de Emergencias.;Un resumen de la experiencia laboral previa de cada uno de los observadores en campo.;La firma del representante legal de IEB avalando que el personal es apto para volar.;Opción B
87;Ante una pérdida confirmada del enlace C2, ¿cuál es la primera acción del piloto según el protocolo?;Apagar la estación de control en tierra para reiniciar el sistema de comunicación inalámbrica.;Alertar al equipo de operación e iniciar las acciones de recuperación definidas en el MO.;Solicitar al observador que intente derribar la aeronave para evitar que salga de la zona.;Continuar la misión de forma manual confiando en la última posición conocida del GPS.;Opción B
88;¿Cuál es la consecuencia de que un observador de IEB olvide sus lentes si el manual exige corrección visual?;El inspector puede prestarle unos binoculares para que continúe con la labor de observación.;Se debe designar a un espectador que tenga mejor visión para que asuma el rol del observador.;El ítem se calificará como No satisfactorio y el observador no podrá participar en la operación.;Basta con que el piloto declare que puede ver la aeronave sin ayuda del observador asignado.;Opción C
89;¿Qué información de telemetría debe priorizar el piloto de IEB si el sistema indica degradación del enlace?;La resolución de la cámara y el espacio disponible en la tarjeta de memoria de video.;La temperatura del procesador de la GCS y la versión del mapa satelital utilizado.;Altitud, posición geográfica (GIS), nivel de batería y calidad del mando y control.;El nombre de la red Wi-Fi más cercana y la intensidad de la señal de telefonía móvil.;Opción C
90;¿Cuándo debe IEB socializar obligatoriamente el Plan de Respuesta a Emergencias?;Únicamente cuando se presente un accidente real durante el desarrollo de la misión.;Durante la charla previa o briefing antes de iniciar cualquier operación con el UAS.;Al momento de contratar al personal operativo en la sede administrativa de la empresa.;Mediante un correo electrónico masivo enviado a todos los empleados al final del mes.;Opción B
91;¿Qué áreas de gestión deben estar claramente definidas en las oficinas de IEB según el RAC 145?;Únicamente un área de recepción y una sala de juntas para atención de clientes.;Calidad, SMS, Planeamiento Operacional, Registro Técnico y Gerencia. [cite: 51];Un centro de control de vuelos con pantallas gigantes y monitoreo satelital.;Solo se requiere un escritorio para el Jefe de Pilotos y un espacio para el archivo.;Opción B
92;"¿Bajo qué condiciones el inspector califica como ""Adecuado"" el ambiente de trabajo en la sede?";Si cuenta con aire acondicionado central y mobiliario de oficina de alta gama.;Cuando las oficinas están situadas en un edificio con certificación de sostenibilidad.;Si permite que el personal de mantenimiento realice su trabajo satisfactoriamente. [cite: 51];Si tiene acceso restringido mediante biometría y cámaras en cada puesto de trabajo.;Opción C
93;¿Qué requisitos físicos deben cumplir las instalaciones destinadas al desarrollo de la actividad UAS?;Estar ubicadas a menos de cinco kilómetros de un aeropuerto controlado.;Proporcionar iluminación, ventilación, protección ambiental y seguridad. [cite: 51];Tener paredes pintadas de color blanco mate para evitar reflejos en las pantallas.;Contar con un sistema de extinción de incendios especializado para metales.;Opción B
94;¿Cuál es la exigencia reglamentaria para las áreas de almacenamiento de herramientas?;Deben estar situadas fuera de la sede administrativa para evitar contaminación.;Tener una temperatura constante de 15 grados para evitar la degradación del plástico.;Contar con estantes de madera para evitar la acumulación de electricidad estática.;Que las áreas estén identificadas y el acceso sea restringido a personal autorizado. [cite: 51];Opción D
95;¿Qué debe demostrar IEB respecto a los manuales (MO, MCM, SMS) en la sede administrativa?;Que cada manual tiene un código de barras único para el seguimiento de la biblioteca.;Que los manuales han sido traducidos a tres idiomas para operaciones internacionales.;Que posee el manual o documento en formato físico o digital para verificación. [cite: 51];Que existe una copia impresa y anillada en cada puesto de trabajo de la oficina.;Opción C
96;¿Qué figura administrativa debe tener poder amplio para tomar decisiones sobre la operación UAS?;El responsable del área de Calidad, quien supervisa el cumplimiento del RAC.;El Jefe de Pilotos, por ser la máxima autoridad técnica durante las misiones.;Cualquier socio de la empresa que posea más del 20% de las acciones.;Un Directivo Responsable nombrado formalmente por la Gerencia de la Empresa. [cite: 51];Opción D
97;¿Cómo se evalúa la suficiencia de los espacios para el personal de mantenimiento en IEB?;Si el área total de la oficina supera los cien metros cuadrados por técnico.;Si cuentan con herramientas de mano de la marca recomendada por el fabricante.;Por la cantidad de ventiladores o extractores instalados en el área de bodega.;Considerando que sean de dimensiones suficientes para el trabajo satisfactorio. [cite: 51];Opción D
98;¿Qué sucede si IEB no presenta las pruebas de un requisito administrativo durante la auditoría?;El inspector otorgará un plazo de 48 horas para enviar la evidencia por correo.;"Se calificará como ""No satisfactorio"" en la columna de Estado de Implementación. [cite: 82, 83]";"Se marcará como ""No aplicable"" para no retrasar la emisión del certificado.";El Jefe del Equipo de Certificación deberá realizar una segunda visita a la sede.;Opción B
99;"¿Qué debe verificar el inspector sobre la ""Protección de los espacios"" en la sede administrativa?";Que las ventanas tengan doble vidrio para aislar el ruido del tráfico vehicular.;Que la instalación proteja equipos y documentos del polvo y medio ambiente. [cite: 51];La presencia de un guardia de seguridad privado armado en la entrada principal.;Que el edificio cuente con una póliza de seguro contra desastres naturales pagada.;Opción B
100;¿Cuál es la función del Manual de Control de Mantenimiento (MCM) en la sede de IEB?;Servir como guía publicitaria para demostrar a los clientes la capacidad técnica.;Listar los precios de cada uno de los repuestos que IEB tiene disponibles.;Registrar los datos personales y las direcciones de residencia de los mecánicos.;Establecer los procedimientos de mantenimiento de las aeronaves y equipos de IEB. [cite: 51];Opción D
101;¿Qué requisito se evalúa respecto a las carcasas de embalaje en la bodega de IEB?;Que las carcasas sean de colores llamativos para evitar tropiezos en la bodega.;Que cada maleta de transporte tenga un rastreador satelital GPS activo.;Verificar el apilamiento adecuado de carcasas y el uso de espumas de seguridad. [cite: 51];Que las carcasas hayan sido fabricadas con materiales reciclados por política.;Opción C
102;¿Qué debe comprobar el inspector respecto al Programa de Instrucción o capacitación?;Que el programa incluya cursos de idiomas extranjeros para todos los pilotos.;Verificar que la empresa posea el documento correspondiente en físico o digital. [cite: 51];Que el costo de la capacitación sea asumido en un 100% por los empleados.;La lista de asistencia a la última charla de motivación empresarial de la sede.;Opción B
103;"¿Cuál es el criterio para calificar un ítem como ""No aplicable"" en la sede administrativa?";Cuando el inspector considera que el requisito es demasiado difícil de cumplir.;Si la empresa IEB demuestra que ya cumplió con un requisito similar anteriormente.;Cuando el representante de IEB solicita omitir ese punto por ser confidencial.;Cuando lo indicado en la pregunta no es aplicable para el solicitante evaluado. [cite: 81];Opción D
104;¿Qué información debe figurar en la Casilla 14 (Pruebas/Notas) del formato de sede?;La documentación de las pruebas presentadas y los aspectos examinados por el inspector. [cite: 82];El resumen de la hoja de vida del inspector que está realizando la auditoría.;Un listado detallado de todos los muebles y equipos de oficina en las instalaciones.;La dirección de correo electrónico del Jefe del Equipo de Certificación.;Opción A
105;¿Qué se requiere para el almacenamiento de herramientas y materiales en IEB?;Que todas las herramientas estén marcadas con el logo de IEB en estuches rígidos.;Un inventario digital que se actualice mediante etiquetas de radiofrecuencia.;Que las herramientas pasen por un proceso de desinfección al regresar de campo.;Contar con instalaciones seguras para el almacenamiento debidamente identificadas. [cite: 51];Opción D
106;¿Qué relación existe entre la Casilla 11 (Respuesta) y la Casilla 13 (Estado)?;"Si la respuesta es ""SÍ"", el estado debe ser obligatoriamente ""Satisfactorio"".";"Si la respuesta es ""NO"", el inspector no puede anotar nada en el estado.";"Es posible marcar ""SÍ"" en la respuesta y ""No satisfactorio"" en el estado. [cite: 68]";Ambas casillas deben ser llenadas únicamente por el representante de la empresa.;Opción C
107;¿Qué debe verificar el inspector sobre la disposición de las hélices en el embalaje?;Que las hélices estén pintadas con puntas amarillas para mejorar la visibilidad.;Que cada hélice esté envuelta en papel burbuja individual para evitar rayones.;Verificar la correcta disposición de las hélices del UA dentro de su embalaje. [cite: 51];Que el número de serie de cada hélice coincida con el motor del drone.;Opción C
108;¿Cuál es la importancia de la iluminación y ventilación en las oficinas de planeación?;Son requisitos estéticos para mejorar la productividad del personal de IEB.;Permiten que el inspector pueda tomar mejores fotografías de las evidencias.;Sirven para demostrar que IEB cumple con los estándares de arquitectura.;Son condiciones básicas que el inspector debe verificar en las instalaciones. [cite: 51];Opción D
109;¿Qué debe contener el Manual o Documento de SMS de IEB?;La lista de todos los accidentes aéreos ocurridos en el país en la última década.;El plan de carrera y los beneficios de bienestar para los empleados de IEB.;Los procedimientos y políticas para la gestión de la seguridad operacional. [cite: 51];Un manual de primeros auxilios y el directorio de las clínicas más cercanas.;Opción C
110;¿Qué garantiza que la gestión de Calidad sea efectiva en la sede administrativa?;Contar con espacios de oficina determinados para estas tareas de la actividad. [cite: 51];El uso de software de contabilidad general para el seguimiento de los gastos.;Que el responsable de calidad sea una persona externa que no trabaje en IEB.;Tener una biblioteca física con todos los reglamentos aeronáuticos impresos.;Opción A
111;¿Qué debe verificar el inspector sobre la idoneidad del personal de mantenimiento en el MCM?;Que tengan licencia de piloto comercial de aviación tripulada vigente.;La designación de personal responsable y su competencia técnica para los equipos.;Que el personal asista a cursos de psicología organizacional cada semestre.;Únicamente que el personal sepa realizar el despegue y aterrizaje básico.;Opción B
112;¿Cuál es el requisito para el registro de las actividades de mantenimiento de cada UA?;Un archivo de fotos en la nube que muestre al técnico trabajando en el taller.;Tener una hoja de cálculo en Excel sin firmas guardada en un computador local.;Contar con un Libro de Mantenimiento actualizado y disponible para revisión.;Una declaración verbal del Jefe de Pilotos asegurando el buen estado del drone.;Opción C
113;¿Qué aspecto de la estación de tierra (GCS) se evalúa dentro del mantenimiento del sistema?;Únicamente la limpieza externa de la pantalla y el brillo del monitor.;La marca del sistema operativo y la capacidad de almacenamiento del disco duro.;No se requiere mantenimiento ya que la estación no vuela ni sufre desgaste.;Su buen estado físico y funcional, incluyendo radios, antenas y cables.;Opción D
114;¿Bajo qué criterio se evalúa el seguimiento a proveedores de mantenimiento externos?;Verificando el seguimiento que realiza IEB y el mantenimiento que este realiza.;Por el precio más bajo ofrecido en el mercado para la reparación de motores.;Únicamente por la cercanía geográfica del taller a la sede administrativa.;No es necesario realizar seguimiento si el proveedor tiene su propio manual.;Opción A
115;¿Qué debe demostrar IEB respecto al suministro de energía de la GCS?;Que el cable de poder sea de una longitud superior a los diez metros.;Garantizar que el suministro de energía es eficiente y óptimo para la operación.;Tener un contrato con la empresa de energía local para evitar cortes de luz.;Que los enchufes de la oficina estén pintados de color naranja (corriente crítica).;Opción B
116;¿Cómo se tratan los equipos tecnológicos complementarios para ampliar el alcance C2?;Como accesorios opcionales que no requieren estar en el plan de mantenimiento.;Como equipos desechables que deben reemplazarse cada diez misiones de vuelo.;Deben tratarse en forma similar a la UA, describiendo su mantenimiento técnico.;Únicamente se requiere que estén encendidos durante la fase de despegue.;Opción C
117;¿Qué se verifica respecto al almacenamiento de herramientas en la sede de IEB?;Que todas las herramientas sean de fabricación nacional para apoyo industrial.;Que las herramientas estén en bolsas de plástico selladas al vacío sin polvo.;Tener un inventario físico pegado en la puerta para consulta de visitantes.;La existencia de instalaciones seguras, identificadas y con acceso restringido.;Opción D
118;¿Cuál es la consecuencia de no contar con el MCM aprobado durante la auditoría?;El inspector puede otorgar una aprobación verbal provisional por treinta días.;"Se recibirá una calificación de ""No satisfactorio"" en las constataciones.";Se permite que IEB utilice el manual de otra empresa explotadora certificada.;El proceso continúa normalmente siempre que el manual de operaciones esté listo.;Opción B
119;¿Qué debe verificarse sobre el estado físico de los conectores y cables del enlace C2?;Que los cables sean de la misma marca que la aeronave (compatibilidad total).;Que tengan una etiqueta que indique la fecha exacta de la última limpieza.;Que todos los equipos (radios, antenas y cables) estén en buen estado funcional.;La longitud exacta de cada cable medida en milímetros para el inventario.;Opción C
120;¿Qué requisito se evalúa sobre la preservación de los UAS en la bodega?;Que los drones estén colgados del techo para evitar que toquen el suelo.;Que la bodega esté pintada de color gris para reducir la fatiga visual técnica.;La presencia de música ambiental para reducir el estrés durante la reparación.;El uso adecuado de carcasas, espumas de seguridad y disposición de hélices.;Opción D
121;¿Cómo debe IEB asegurar la eficiencia de sus técnicos UAS según el procedimiento?;Asegurando la aplicabilidad de equipos, herramientas, insumos y mantenimiento.;Mediante el pago de bonificaciones por cada drone reparado en menos de una hora.;Realizando pruebas de vuelo acrobático para verificar los ajustes del técnico.;Enviando a los técnicos a capacitaciones en el extranjero cada mes de trabajo.;Opción A
122;¿Qué debe contener el programa de mantenimiento para los vuelos BVLOS de IEB?;La lista de las mejores zonas de cobertura celular nacional para telemetría.;Descripción de condiciones para asegurar el enlace C2 y equipos complementarios.;El historial de todos los videos grabados durante las pruebas de alcance.;Un mapa con la ubicación de todas las antenas de radioaficionados en la zona.;Opción B
123;¿Cuál es el criterio para el mantenimiento de las baterías de la aeronave?;Seguir el procedimiento de control, manejo y almacenamiento definido en el manual.;Deben ser desechadas automáticamente después de seis meses desde su compra.;Que cada batería tenga una funda protectora contra el calor hecha de asbesto.;Solo se requiere verificar que el voltaje sea el máximo indicado por el cargador.;Opción A
124;"¿Qué debe validar el inspector sobre la ""Protección de los espacios"" de mantenimiento?";Que el taller cuente con ventanas reforzadas contra impactos de proyectiles.;La presencia de aire acondicionado que mantenga la sala a 18 grados Celsius.;Que las instalaciones protejan los equipos del polvo, humedad y medio ambiente.;Que el suelo sea de material antideslizante para evitar caídas del personal.;Opción C
125;¿Qué relación debe existir entre el MCM y el Manual de Operaciones (MO) de IEB?;Deben ser coherentes entre sí, especialmente en mantenimiento menor.;El MCM debe estar integrado dentro del MO y no ser un documento separado.;El MCM tiene prioridad legal sobre el MO en todos los casos de emergencia.;No existe relación, ya que el mantenimiento es técnico y la operación táctica.;Opción A
126;¿Qué se verifica respecto al personal de mantenimiento en la inspección administrativa?;Que tengan un título de ingeniería aeronáutica y maestría en sistemas UAS.;Que los mecánicos tengan uniformes ignífugos para manipular baterías de litio.;Si el solicitante cuenta con el personal idóneo para efectuar la labor propia.;La cantidad de horas extras que los técnicos han trabajado en el último mes.;Opción C
127;¿Cuál es la importancia de la iluminación y ventilación en el área de mantenimiento?;Sirven para que los videos de seguridad de la oficina tengan mejor calidad.;Permiten que los drones se sequen rápido después de vuelos en zonas húmedas.;Son requisitos estéticos para mejorar la productividad del personal de IEB.;Son condiciones básicas que el inspector debe verificar en las instalaciones.;Opción D
128;¿Qué debe demostrar IEB sobre el equipo de apoyo asignado al mantenimiento C2?;Que existe personal asignado para el mantenimiento de sistemas del enlace C2.;Que cada auxiliar de mantenimiento tiene su juego de herramientas personal.;Que el personal de apoyo ha trabajado previamente en aerolíneas comerciales.;La capacidad de los auxiliares para traducir manuales técnicos del inglés.;Opción A
129;¿Qué debe ocurrir si IEB utiliza una banda de frecuencia con licencia para el C2?;El mantenimiento debe ser realizado exclusivamente por personal de la ANE.;Se debe demostrar cumplimiento de normativa y aprobación de la agencia respectiva.;El MCM debe incluir un contrato de mantenimiento con el fabricante de antenas.;Se requiere que las antenas sean reemplazadas cada vez que se renueve el uso.;Opción B
130;"¿Cuál es el criterio para calificar el mantenimiento como ""Satisfactorio"" en la auditoría?";Si el inspector no encuentra polvo sobre las aeronaves almacenadas en bodega.;Si el Jefe de Mantenimiento tiene una buena relación con el equipo auditor.;Cuando se cumplen todos los puntos y se presentan evidencias de cada actividad.;Cuando el costo de las herramientas presentadas supera el valor de los drones.;Opción C
131;¿Cuál es el valor límite del Índice KP bajo el cual IEB prohíbe terminantemente la operación?;Si el índice KP es igual o superior a 3, para evitar interferencias leves en el GPS.;Únicamente si el índice KP llega a 9, durante tormentas solares extremas.;La operación no debe realizarse si el índice KP es igual o superior a 5.;El manual no establece un límite de KP, solo recomienda precaución en zonas polares.;Opción C
132;¿Qué estándar de seguridad y algoritmo de encriptación utiliza IEB para proteger su enlace C2?;Utiliza un cifrado básico de 64 bits compatible con cualquier estación móvil.;El protocolo WPA2 modificado para transmisiones de larga distancia en la banda 2.4 GHz.;El estándar de seguridad basado en el algoritmo de encriptación AES-256.;Un sistema de encriptación propietario de la Aerocivil denominado RAC-Secure.;Opción C
133;¿Cuál es la política de IEB respecto al consumo de alcohol previo a una operación UAS?;Está prohibido el consumo de alcohol 8 horas antes del inicio de la fase de preparación.;Se prohíbe el consumo de alcohol y sustancias 12 horas antes del inicio de la operación.;No se permite el consumo de sustancias durante la jornada, sin restricción de horas previas.;El piloto debe someterse a una prueba de sangre 24 horas antes de cada misión EVLOS.;Opción B
134;¿Cuál es el ciclo de vida documental para los registros digitales en la oficina de IEB?;Se deben retener por 12 meses y luego eliminarse para liberar espacio en el servidor.;Permanecen 24 meses en oficina y luego se envían a archivo muerto por 10 años.;Deben retenerse 36 meses en oficina y 24 meses adicionales en archivo muerto.;Se guardan indefinidamente hasta que la empresa pierda su certificación de explotador.;Opción C
135;¿Qué plazo máximo tiene IEB para comunicar cambios en su Manual de Operaciones a la Aerocivil?;Debe informarse de forma inmediata en las primeras 24 horas tras el cambio.;Cuenta con un plazo máximo de 15 días hábiles para comunicar la actualización.;Los cambios se reportan únicamente durante la auditoría anual de seguimiento.;Tiene 30 días calendario para enviar la copia física firmada por el Gerente.;Opción B
136;¿Cuál es la diferencia principal entre los comités SRB y SAG dentro del SMS de IEB?;El SRB es operativo y mensual, mientras que el SAG es estratégico y anual.;El SRB es estratégico (Gerente General) y el SAG es operativo (seguimiento mensual).;No existe diferencia, ambos términos se usan indistintamente para la gestión de riesgos.;El SAG solo se convoca ante accidentes, mientras que el SRB es para incidentes leves.;Opción B
137;¿Qué velocidad del viento representa el límite operativo (Nivel 4 Beaufort) para IEB?;Una velocidad máxima de 10 m/s para garantizar la estabilidad de los sensores Zenmuse.;El límite de seguridad establecido por el manual es de 7 m/s.;Se permite operar hasta los 12 m/s si se utiliza el modelo DJI Matrice 300 RTK.;No hay límite de viento si el piloto activa el modo de vuelo deportivo (Sport).;Opción B
138;¿Cuántos satélites exige el manual de IEB como mínimo para cumplir requisitos de telemetría?;Se requiere un mínimo de 15 satélites para garantizar la precisión en misiones Lidar.;Basta con 6 satélites enlazados siempre que la señal GLONASS sea estable.;El manual exige un mínimo de 12 satélites enlazados para telemetría.;Se debe contar con 8 satélites para telemetría y 12 para navegación GPS.;Opción C
139;¿Cuál es la dimensión de seguridad del dronepuerto para un DJI Matrice 300 RTK (3 veces D)?;El área segura debe ser de 150 cm partiendo desde el centro del punto de despegue.;Se requiere un diámetro total de 500 cm para evitar turbulencias de estela.;El manual establece un área segura de 315 cm para este modelo específico.;Basta con un área de 200 cm si la superficie es de concreto o asfalto rígido.;Opción C
140;"En la matriz de riesgos de IEB, ¿qué representa una calificación cualitativa de ""5A""?";Un riesgo de probabilidad Improbable con una severidad de impacto Menor.;Un riesgo con probabilidad Frecuente y una severidad de impacto Catastrófica.;Un incidente que es Sumamente Improbable y que no requiere medidas de mitigación.;Un riesgo Remoto que solo debe ser monitoreado trimestralmente por el SAG.;Opción B
141;¿Qué programa interno utiliza IEB para la prevención del consumo de sustancias y fatiga?;Utiliza el protocolo de bienestar humano denominado IEB-SALUD-2024.;Se basa en el programa interno GTH.PG.019 para mitigación y prevención.;Aplica la norma internacional ISO 45001 adaptada a tripulaciones de drones.;Sigue los lineamientos del manual del fabricante DJI para descanso de tripulaciones.;Opción B
142;¿Cuáles son los rangos específicos de las bandas de frecuencia detallados en el manual de IEB?;Frecuencias de 900 MHz y 1.2 GHz para misiones de largo alcance en zonas rurales.;Rangos de 2.4000-2.4835 GHz y 5.725-5.850 GHz para el enlace de datos.;Banda única de 5.0 GHz con el fin de evitar interferencias con redes Wi-Fi domésticas.;Frecuencias de radiofrecuencia militar entre los 400 MHz y 800 MHz.;Opción B
143;¿Qué sucede con los documentos de IEB tras cumplir su tiempo en archivo muerto?;Se devuelven al Jefe de Pilotos para su archivo personal como evidencia de horas.;Se digitalizan nuevamente y se guardan en un servidor de respaldo por 10 años.;Se procede a su destrucción dejando constancia mediante un acta formal.;Se donan a escuelas de formación UAS para ser utilizados como material de estudio.;Opción C
144;¿Qué sensores específicos están registrados para la flota de IEB (M300 RTK)?;Cámaras multiespectrales para agricultura de precisión y sensores térmicos FLIR.;Sensores Zenmuse L1 y G7 South para misiones de captura de datos técnicos.;Únicamente cámaras RGB de alta resolución para inspección visual de activos.;Escáneres láser de profundidad de la marca Leica para cartografía de alta precisión.;Opción B
145;"¿Qué probabilidad de riesgo se define como ""Sumamente Improbable"" en el SMS de IEB?";Aquella que ocurre al menos una vez por cada diez misiones de vuelo realizadas.;Un evento que podría ocurrir pero no hay registros de que haya sucedido antes.;Cualquier situación que solo ocurra durante vuelos nocturnos en condiciones de lluvia.;Un riesgo que tiene una probabilidad de ocurrencia de nivel 1 en la matriz.;Opción D
146;¿Cuál es el número mínimo de satélites para navegación en la fase de pre-vuelo de IEB?;Se deben enlazar al menos 12 satélites antes de armar los motores de la UA.;El manual permite iniciar la navegación con un mínimo de 8 satélites.;Basta con tener 5 satélites si el sistema RTK indica una precisión centimétrica.;No se requiere un mínimo si la operación se realiza en modo de flujo óptico.;Opción B
147;"¿Cómo se define la severidad ""E"" en la matriz de riesgos de seguridad operacional?";Pérdida total de la aeronave y daños catastróficos a terceros o infraestructura.;Impacto insignificante que no afecta la continuidad de la operación ni la seguridad.;Daños mayores a la propiedad que requieren la activación inmediata del comité SRB.;Lesiones leves al personal que no requieren hospitalización ni reporte a la Aerocivil.;Opción B
148;¿Cuál es la función estratégica del Safety Review Board (SRB) en IEB?;Realizar el mantenimiento preventivo de las aeronaves tras incidentes reportados.;Liderar la gestión de seguridad desde la alta gerencia y tomar decisiones estratégicas.;Supervisar que los pilotos utilicen sus Elementos de Protección Personal en campo.;Actualizar diariamente los datos meteorológicos en la cartelera de la sede.;Opción B
149;¿Qué modelos exactos de aeronaves conforman la flota certificada de IEB?;DJI Mavic 3 Enterprise y DJI Matrice 600 con sistemas de aspersión.;DJI Air 3 y DJI Matrice 210 con capacidades de búsqueda y rescate térmico.;DJI Mavic 3 Pro y DJI Matrice 300 RTK para operaciones especializadas.;Cualquier aeronave de la marca DJI que tenga un peso inferior a los 25 kg.;Opción C
150;¿Cómo debe actuar el SAG ante un reporte de peligro identificado en una operación?;Debe suspender la licencia del piloto involucrado hasta que termine la investigación.;Realizar el seguimiento mensual y proponer acciones correctivas operativas.;Informar directamente a la Aerocivil antes de analizar el riesgo internamente.;Ignorar el reporte si no hubo daños materiales o lesiones físicas al personal.;Opción B
151;¿En qué ubicación física específica de IEB se encuentra el área de almacenamiento prolongado de UAS?;En la Oficina 204 del Centro Empresarial Puerto Seco.;Dentro de la Oficina 247 del Centro Empresarial Puerto Seco.;En la bodega externa ubicada en el sótano del edificio.;En el área compartida de la Gerencia de Mantenimiento.;Opción B
152;¿Cuál es la distancia de seguridad obligatoria ante una batería que presente humo o fuego?;Se debe mantener una distancia mínima de 5 metros.;La distancia de seguridad exigida es de 10 metros.;No hay distancia mínima si se cuenta con guantes ignífugos.;Debe evacuarse un radio de 50 metros a la redonda.;Opción B
153;¿Qué precisión de medición ofrece el sensor Zenmuse L1 a una distancia de 100 metros?;Una precisión de 10 cm para cartografía general.;Precisión de 1 cm para levantamientos de alta fidelidad.;Tiene una precisión de medición de 3 cm a 100 metros.;La precisión depende exclusivamente del software DJI Terra.;Opción C
154;¿Cuál es el plazo máximo para realizar el reporte formal ante la ocurrencia de un incidente?;Debe reportarse en un plazo no mayor a 24 horas.;Se cuenta con 48 horas para radicar el informe escrito.;El reporte debe hacerse en los primeros 15 días del mes.;Inmediatamente tras el aterrizaje, vía comunicación radial.;Opción A
155;¿Qué acción es obligatoria realizar inmediatamente después de la inspección física post-vuelo?;Limpiar los sensores inerciales con aire comprimido seco.;Colocar el protector del lente de la cámara o sensor.;Descargar los archivos de telemetría al servidor central.;Retirar las hélices para el transporte en la carcasa.;Opción B
156;¿Quién debe ejecutar las auditorías internas del SMS en IEB para garantizar la objetividad?;El Gerente de SMS junto con el Jefe de Pilotos de la flota.;Únicamente el Gerente General de Ingeniería Especializada.;Debe ser ejecutada por la Líder de SGI-Calidad.;Un auditor externo contratado por la Aeronáutica Civil.;Opción C
157;¿Cuál es la instrucción principal ante eventos de orden público durante la operación?;Aterrizar la aeronave y defender el equipo de captura.;Evacuar la zona y aterrizar la UA en el lugar más seguro.;Llamar al comité SRB antes de tomar cualquier decisión.;Continuar la misión hasta que la autoridad llegue al sitio.;Opción B
158;¿Cuál es el techo de servicio para el M300 RTK utilizando las hélices modelo 2110?;Un techo de servicio máximo de 7000 metros de altitud.;El manual establece un límite de 3000 metros AGL.;Alcanza un techo de servicio máximo de 5000 metros.;No tiene límite de servicio si la temperatura es menor a 20°C.;Opción C
159;¿Qué tipo de extintor se especifica para el uso exclusivo en emergencias con baterías?;Extintor de Clase A (maderas, papeles y cartones).;Extintor de Clase C (para equipos eléctricos energizados).;Uso exclusivo de un extintor de Clase D.;Extintor de propósito general tipo ABC de cinco libras.;Opción C
160;¿Cuál es el límite exacto de resistencia al viento para el DJI Matrice 300 RTK?;Un límite de 7 m/s según la escala de Beaufort nivel 4.;Tiene una resistencia exacta al viento de 12 m/s.;Puede operar con ráfagas de hasta 15 m/s en modo P.;El límite lo define el piloto según su experiencia en campo.;Opción B
161;¿Qué software identifica el manual como compatible para la exportación de nubes de puntos?;Pix4D Mapper para el procesamiento de imágenes RGB.;Global Mapper para la gestión de datos geoespaciales.;DJI Terra como el software compatible para exportación.;AutoCAD Civil 3D para el diseño de infraestructura.;Opción C
162;¿Cuántos satélites exige el manual de IEB como mínimo para la navegación en el pre-vuelo?;Mínimo de 12 satélites para garantizar la telemetría.;Un mínimo de 8 satélites para la navegación satelital.;Basta con 5 satélites si se tiene señal RTK activa.;Se requieren 15 satélites para iniciar el armado de motores.;Opción B
163;¿Cuál es el margen de reserva de batería recomendado para finalizar la operación?;Debe aterrizarse con una reserva del 5% de capacidad.;No exceder el 80% de capacidad, dejando reserva del 20-30%.;Se permite agotar hasta el 90% si la misión es crítica.;La reserva mínima obligatoria es de 10 minutos de vuelo.;Opción B
164;¿Qué plazo tiene el Comité SRB para identificar las causas raíz tras un evento?;Debe identificarlas en las primeras 48 horas del suceso.;Dentro de los primeros 15 días posteriores al evento.;Cuenta con 30 días hábiles para el análisis estratégico.;No hay plazo fijo, depende de la gravedad del incidente.;Opción B
165;¿Qué sistema de codificación utiliza IEB para la ubicación de equipos en estantería?;Nombres de los colores primarios para cada tipo de UAS.;Codificación por locación, ejemplo: 11-A, B, C.;Uso de códigos de barras basados en el NIT de la empresa.;Asignación de números correlativos por fecha de compra.;Opción B
166;¿Cuál es el techo de servicio del M300 RTK si se utilizan las hélices modelo 2195?;Un límite máximo de 5000 metros sobre el nivel del mar.;El manual especifica un techo de servicio de 7000 metros.;Permite operar hasta los 8000 metros en zonas andinas.;No se recomienda superar los 4000 metros con estas hélices.;Opción B
167;¿Qué herramienta de autoevaluación es requisito para prevenir fatiga y consumo de sustancias?;El uso del programa interno de bienestar IEB-VIVE.;La aplicación de encuestas de clima organizacional SGI.;El uso del programa GTH.PG.019 para prevención.;Un examen médico de orina realizado antes de cada vuelo.;Opción C
168;¿Dónde se encuentran ubicadas las oficinas administrativas de IEB específicamente?;En la Oficina 247 del Centro Empresarial Puerto Seco.;Dentro del hangar principal del aeropuerto Olaya Herrera.;En la Oficina 204 del Centro Empresarial Puerto Seco.;En el quinto piso de la sede principal de Ingeniería S.A.;Opción C
169;¿Qué severidad representa la inmovilización de un UAS por falla técnica en la matriz SMS?;Es una falla insignificante (E) que no requiere reporte.;Se considera una pérdida catastrófica (A) para la empresa.;Representa un riesgo de nivel crítico para la operación.;Debe ser evaluada según la frecuencia por el comité SAG.;Opción D
170;¿Cuál es la función del Jefe de Pilotos respecto a la observación en operaciones VLOS?;Es quien debe actuar obligatoriamente como observador.;Su autorización es necesaria para el uso de un observador.;Debe firmar el acta de la Aerocivil tras cada aterrizaje.;Es el único que puede anular el requerimiento de EPP.;Opción B
171;¿Qué áreas deben estar físicamente delimitadas en la sede de IEB según el RAC 145 y el MO?;Únicamente un salón de entrenamiento y una bodega de repuestos genéricos.;Calidad, SMS, Planeamiento Operacional, Registro Técnico y Gerencia.;Áreas de cafetería, zona de descanso de pilotos y recepción de clientes.;Solo se requiere un área de mantenimiento y una oficina para el representante.;Opción B
172;¿Cuál es la política de IEB respecto al tiempo límite para notificar el consumo de sustancias?;Debe notificarse cualquier consumo al menos 4 horas antes del vuelo.;Se prohíbe el consumo de sustancias 12 horas antes de la operación.;La notificación debe hacerse inmediatamente al finalizar la jornada laboral.;No hay restricción de tiempo si el piloto declara sentirse en plenas facultades.;Opción B
173;¿Qué tiempo de retención total deben cumplir los registros digitales antes de su destrucción?;60 meses en total (36 meses en oficina y 24 en archivo muerto).;24 meses en oficina y eliminación inmediata tras la auditoría anual.;12 meses en oficina y 48 meses adicionales en servidores externos.;36 meses únicamente en archivo muerto para liberar espacio en la sede.;Opción A
174;¿Cuál es la diferencia funcional entre los comités SRB y SAG en el SMS de IEB?;El SRB es mensual y el SAG se reúne anualmente para temas presupuestales.;El SAG es estratégico y el SRB es operativo para seguimiento de riesgos.;El SRB es estratégico (Gerente) y el SAG es operativo (seguimiento mensual).;Ambos comités realizan las mismas funciones y se rotan cada seis meses.;Opción C
175;¿Qué maniobra técnica debe realizarse a máxima distancia para validar la estabilidad del C2?;Un ascenso rápido a 400 pies seguido de un descenso en espiral cerrada.;Rotaciones YAW de 360° con ángulos de balanceo iguales o mayores a 10°.;Vuelo en línea recta manteniendo una velocidad constante de 15 metros/segundo.;Vuelo estacionario durante diez minutos para medir el consumo de batería.;Opción B
176;¿Qué indicador de calidad del enlace C2 debe monitorearse activamente en la estación de tierra?;La resolución de pantalla y el brillo del monitor de la estación de control.;El nombre del fabricante del software de navegación y la versión de mapas.;Tasa de errores de bits (BER), degradación y tiempo de retardo del enlace.;La intensidad del Wi-Fi doméstico disponible en la zona de operación.;Opción C
177;¿Cuál es el plazo para informar a la Aerocivil sobre cambios en el MO o personal clave?;Debe informarse de manera inmediata en las primeras 24 horas del cambio.;Se cuenta con un plazo máximo de 15 días hábiles para la comunicación.;Los cambios se reportan únicamente durante la renovación del certificado.;Tiene 30 días calendario para enviar la actualización vía correo certificado.;Opción B
178;¿Qué garantiza la objetividad en las auditorías internas del SMS según el manual de IEB?;Que sean ejecutadas por el Gerente de SMS bajo supervisión del Jefe de Pilotos.;Que sean realizadas por personal externo no vinculado a la empresa IEB.;Que sean ejecutadas por la Líder de SGI-Calidad en lugar del Gerente SMS.;Que el Gerente General realice la auditoría sin acompañamiento técnico.;Opción C
179;¿Bajo qué condiciones se aplica la política de Reporte No Punitivo en IEB?;Se aplica para cualquier acto ilícito o negligencia grave debidamente comprobada.;No habrá sanciones por reportar errores propios, salvo negligencia o actos ilícitos.;Las sanciones se eliminan únicamente si el error no causó daños a la aeronave.;El reporte no punitivo es exclusivo para observadores, no aplica para pilotos.;Opción B
180;¿Qué requisitos ambientales deben cumplir los espacios de almacenamiento en la sede?;Contar con luz tenue y música ambiental para prevenir el estrés del personal.;Tener aire acondicionado a 15°C y sensores de movimiento en cada estante.;Iluminación, ventilación y protección contra el polvo y factores climáticos.;Suelos alfombrados y paredes con aislamiento acústico de grado industrial.;Opción C
181;"¿Qué representa una calificación de ""5A"" en la matriz de riesgos de seguridad operacional?";Un incidente sumamente improbable que causa daños menores a la aeronave.;Un riesgo frecuente con severidad catastrófica para la operación de IEB.;Una falla técnica remota que solo afecta la calidad de la transmisión de video.;Un riesgo ocasional cuya severidad es insignificante para terceros en tierra.;Opción B
182;¿Qué debe verificarse respecto a la preservación de las UA en la bodega de IEB?;Que los drones estén colgados para evitar contacto con superficies sólidas.;Uso de carcasas, espumas de seguridad y disposición correcta de hélices.;Que cada batería esté guardada en una caja metálica individual con candado.;Que las aeronaves se mantengan encendidas en modo reposo una vez al día.;Opción B
183;¿Cuál es la función del sistema de almacenamiento de Backup en el enlace C2?;Guardar las grabaciones de video de alta definición para el cliente final.;Almacenar todos los datos transmitidos por el enlace C2 para auditoría posterior.;Permitir la recuperación del sistema operativo de la GCS ante un virus.;Registrar los datos de contacto de todas las personas que visitan el dronepuerto.;Opción B
184;¿Qué programa interno debe cumplir IEB para prevenir el consumo de alcohol y sustancias?;El protocolo nacional de salud ocupacional de la Aeronáutica Civil Colombiana.;Se basa en las recomendaciones del manual de convivencia del Puerto Seco.;Sigue estrictamente el cumplimiento del programa interno GTH.PG.019.;Aplica las pruebas aleatorias diseñadas por el fabricante DJI para sus técnicos.;Opción C
185;¿Cuál es la obligación de IEB respecto a la seguridad de su bodega de equipos?;Identificación de áreas de almacenamiento y restricción de acceso no autorizado.;Contar con vigilancia armada las 24 horas dentro del área de estantería.;Instalar cámaras de seguridad con resolución 4K en cada punto de acceso.;Que el personal administrativo realice un inventario físico cada mañana.;Opción A
186;¿Qué documento debe estar vigente y disponible para inspección inmediata del piloto?;El diploma de grado y la certificación de experiencia laboral previa.;El carné de afiliación a la empresa y el registro de horas de vuelo.;El certificado médico ocupacional vigente del personal operativo.;La copia de la cédula de ciudadanía autenticada ante notario público.;Opción C
187;¿Cuál es el propósito del Listado Maestro de documentos en la gestión de IEB?;Listar los nombres y teléfonos de todos los proveedores de repuestos.;Mantener la existencia y actualización de los documentos y anexos oficiales.;Registrar el historial de compras de aeronaves desde la creación de la empresa.;Contabilizar las horas de servicio de cada uno de los técnicos de mantenimiento.;Opción B
188;En el SMS de IEB, ¿qué define la severidad de un riesgo identificado?;El costo económico total de la reparación de la aeronave tras un accidente.;La magnitud de las consecuencias potenciales de un peligro para la seguridad.;La cantidad de veces que el evento ha ocurrido en los últimos tres años.;La opinión del Jefe de Pilotos sobre la dificultad de la maniobra de vuelo.;Opción B
189;¿Qué se verifica en la estación de tierra respecto a la degradación de señal?;La capacidad de la batería del monitor para durar al menos cuatro horas.;El tiempo que tarda el software en cargar los mapas satelitales de la zona.;La indicación visual y auditiva de la calidad de mando y control (C2).;El nivel de ruido ambiental medido en decibelios en el sitio de operación.;Opción C
190;¿Cuál es el requisito para la codificación de estantería en la bodega de IEB?;Uso de etiquetas con colores primarios según la categoría de la aeronave.;Un sistema de identificación por fecha de adquisición de cada componente.;Codificación específica por locación, tal como el sistema 11-A, B, C.;No se requiere codificación si el personal conoce la ubicación de los equipos.;Opción C
192;¿Qué acción procedimental exige el manual de IEB realizar inmediatamente después de la inspección física post-vuelo?;Limpiar los motores con aire comprimido para remover residuos de polvo.;Colocar el protector del lente (gimbal cover) de la cámara o sensor.;Descargar los logs de vuelo directamente a la plataforma DJI Terra.;Retirar las antenas de la estación de control para su almacenamiento.;Opción B
193;¿Cada cuánto tiempo se debe realizar la actualización del control de inventario físico según el manual de IEB?;Se debe realizar una actualización mensual coincidiendo con el comité SAG.;El control de inventario físico se actualiza obligatoriamente cada 6 meses.;Únicamente cuando se adquiere una nueva aeronave o sensor especializado.;Al finalizar cada misión de campo antes de regresar a la sede administrativa.;Opción B
194;¿Qué información de telemetría debe ser monitoreada en la GCS durante todas las fases de vuelo en IEB?;El historial de actualizaciones de software de la aplicación de control.;Altitud, altura geométrica, ángulos de cabeceo, rumbo, velocidad y posición.;La temperatura de color de la transmisión de video para fines de edición.;El número de serie de la tarjeta microSD insertada en la aeronave.;Opción B
195;¿Cuál es la limitación operativa de Ingeniería Especializada S.A. respecto a la condición visual de vuelo?;IEB está autorizada para realizar vuelos BVLOS en zonas rurales despobladas.;La empresa NO realiza operaciones en condición visual de tipo BVLOS.;IEB realiza vuelos BVLOS siempre que cuente con un observador certificado.;Solo se realizan vuelos BVLOS si la aeronave es el DJI Matrice 300 RTK.;Opción B
196;¿Cuál es el propósito de los indicadores BER (tasa de errores de bits) y retardo en la telemetría de IEB?;Medir la calidad del mando y control (C2) para asegurar una operación segura.;Determinar la resolución máxima a la que se puede grabar el video en campo.;Calcular la velocidad del viento en tiempo real mediante el enlace de radio.;Verificar si la batería de la aeronave es original o de un tercero.;Opción A
197;¿Qué requisito de idoneidad debe presentar el personal operativo de IEB ante el inspector en campo?;El diploma de pregrado y el certificado de afiliación a la caja de compensación.;Certificado de Idoneidad vigente con adiciones técnicas y examen médico.;Licencia de conducción de vehículos pesados para el transporte de los UAS.;Una carta de recomendación firmada por el Gerente General de la empresa.;Opción B
198;¿Cuál es la distancia máxima permitida para operaciones VLOS en Ingeniería Especializada?;Un radio de 1.500 metros siempre que el drone sea visible al ojo humano.;La distancia máxima permitida en esta modalidad es de 750 metros.;Hasta 3.000 metros si el piloto utiliza gafas de sol con filtro polarizado.;El límite que establezca la potencia de transmisión de la banda 5.8 GHz.;Opción B
199;¿Qué sucede si se pierde la comunicación continua entre el piloto y el observador en EVLOS?;El observador debe buscar una zona más alta para recuperar el contacto visual.;Se debe continuar la operación utilizando únicamente la telemetría del GIS.;La operación debe suspenderse inmediatamente según el manual de IEB.;El piloto debe realizar un vuelo estacionario hasta que el observador regrese.;Opción C
200;"¿Bajo qué criterio se define una oficina como ""adecuada"" en la sede de Puerto Seco?";Si cuenta con mobiliario ergonómico y sistema de aire acondicionado central.;Si permite que el personal de mantenimiento realice su trabajo satisfactoriamente.;Que esté ubicada a menos de 10 minutos de la zona de operaciones de campo.;Si tiene paredes insonorizadas para evitar ruidos externos durante la planeación.;Opción B
201;¿Qué estándar de seguridad utiliza el enlace C2 de IEB para la protección de datos?;Protocolo WEP de 64 bits para facilitar la conexión con dispositivos móviles.;Algoritmo de encriptación AES-256 para garantizar la seguridad del enlace.;Cifrado básico de red Wi-Fi tipo 1 para operaciones en zonas urbanas.;No se utiliza cifrado para priorizar la velocidad de transmisión del video.;Opción B
